date,team1,team2,team1_score,team2_score,output
"['2022', '10', '18']",DEN,BOS,123,111,0
"['2022', '10', '18']",MEM,SAC,118,108,0
"['2022', '10', '19']",WAS,MIL,118,95,0
"['2022', '10', '19']",BRK,SAS,139,103,0
"['2022', '10', '19']",LAL,CHO,121,115,0
"['2022', '10', '19']",CLE,CHI,145,134,0
"['2022', '10', '19']",GSW,ATL,143,141,0
"['2022', '10', '19']",DAL,HOU,111,106,0
"['2022', '10', '19']",IND,TOR,122,114,0
"['2022', '10', '19']",MIA,LAC,110,100,0
"['2022', '10', '19']",MIN,DEN,124,111,0
"['2022', '10', '19']",NYK,PHO,102,83,0
"['2022', '10', '19']",PHI,NOP,120,111,0
"['2022', '10', '19']",POR,DET,135,106,0
"['2022', '10', '20']",MIL,WAS,123,113,0
"['2022', '10', '20']",OKC,BOS,150,117,0
"['2022', '10', '21']",SAC,UTA,117,115,0
"['2022', '10', '21']",CHI,BRK,121,112,0
"['2022', '10', '21']",MEM,CHO,131,107,0
"['2022', '10', '21']",CLE,PHO,90,88,0
"['2022', '10', '21']",DET,GSW,122,119,0
"['2022', '10', '21']",LAL,MIA,112,109,0
"['2022', '10', '21']",MIN,POR,113,106,0
"['2022', '10', '21']",NOP,HOU,119,108,0
"['2022', '10', '21']",NYK,SAS,117,114,0
"['2022', '10', '21']",ORL,OKC,126,115,0
"['2022', '10', '21']",PHI,IND,129,126,0
"['2022', '10', '22']",ATL,SAC,120,117,0
"['2022', '10', '22']",MIL,TOR,104,101,0
"['2022', '10', '22']",BOS,DAL,124,95,0
"['2022', '10', '22']",DEN,LAC,122,91,0
"['2022', '10', '22']",UTA,HOU,131,114,0
"['2022', '10', '22']",MEM,ORL,123,115,0
"['2022', '10', '22']",DEN,CLE,121,108,0
"['2022', '10', '22']",IND,POR,108,99,0
"['2022', '10', '22']",LAL,ATL,130,114,0
"['2022', '10', '23']",CHO,MIL,138,109,0
"['2022', '10', '23']",MIN,LAC,128,115,0
"['2022', '10', '23']",BRK,NOP,108,102,0
"['2022', '10', '23']",OKC,WAS,127,110,0
"['2022', '10', '23']",CHI,PHI,126,112,0
"['2022', '10', '23']",MIA,PHO,104,96,0
"['2022', '10', '23']",SAS,DET,121,109,0
"['2022', '10', '24']",NYK,TOR,112,108,0
"['2022', '10', '24']",CHI,UTA,126,118,0
"['2022', '10', '24']",DAL,NOP,127,117,0
"['2022', '10', '24']",ORL,GSW,115,101,0
"['2022', '10', '24']",LAL,SAC,136,134,0
"['2022', '10', '24']",BOS,SAS,121,116,0
"['2022', '10', '24']",PHI,DET,123,111,0
"['2022', '10', '24']",MIN,HOU,104,96,0
"['2022', '10', '25']",IND,CHO,116,111,0
"['2022', '10', '25']",ATL,LAC,112,108,0
"['2022', '10', '25']",MEM,UTA,123,118,0
"['2022', '10', '25']",BRK,MIA,102,101,0
"['2022', '10', '26']",OKC,DAL,120,109,0
"['2022', '10', '26']",CLE,PHO,112,98,0
"['2022', '10', '26']",TOR,POR,117,105,0
"['2022', '10', '26']",BOS,CHI,107,99,0
"['2022', '10', '26']",DEN,LAL,122,109,0
"['2022', '10', '26']",MEM,SAS,121,113,0
"['2022', '10', '26']",MIL,NYK,111,107,0
"['2022', '10', '26']",SAC,ORL,136,111,0
"['2022', '10', '26']",NOP,WAS,132,112,0
"['2022', '10', '26']",PHO,GSW,125,113,0
"['2022', '10', '27']",LAC,DAL,113,101,0
"['2022', '10', '27']",MIA,OKC,112,111,0
"['2022', '10', '27']",PHI,DET,147,116,0
"['2022', '10', '27']",ORL,POR,109,106,0
"['2022', '10', '28']",TOR,CHO,132,120,0
"['2022', '10', '28']",UTA,CLE,116,114,0
"['2022', '10', '28']",MIL,ATL,114,105,0
"['2022', '10', '28']",BOS,NOP,125,114,0
"['2022', '10', '28']",DEN,PHO,126,97,0
"['2022', '10', '28']",DET,MIN,135,118,0
"['2022', '10', '28']",MEM,SAS,135,129,0
"['2022', '10', '28']",NYK,IND,119,113,0
"['2022', '10', '28']",SAC,HOU,135,115,0
"['2022', '10', '28']",WAS,CHI,100,97,0
"['2022', '10', '28']",BOS,BRK,109,98,0
"['2022', '10', '29']",DAL,LAL,119,115,0
"['2022', '10', '29']",MIA,MIL,108,102,0
"['2022', '10', '29']",OKC,PHI,133,114,0
"['2022', '10', '29']",CLE,POR,119,113,0
"['2022', '10', '29']",TOR,CHO,124,114,0
"['2022', '10', '29']",OKC,CHI,124,110,0
"['2022', '10', '29']",NOP,DET,116,110,0
"['2022', '10', '30']",ATL,IND,113,111,0
"['2022', '10', '30']",DEN,LAC,115,103,0
"['2022', '10', '30']",MIN,PHO,121,116,0
"['2022', '10', '30']",SAC,HOU,139,114,0
"['2022', '10', '30']",GSW,SAS,144,113,0
"['2022', '10', '30']",UTA,ORL,112,108,0
"['2022', '10', '30']",NYK,WAS,112,108,0
"['2022', '10', '30']",BOS,CHO,122,106,0
"['2022', '10', '31']",MEM,IND,130,112,0
"['2022', '10', '31']",MIA,MIL,111,95,0
"['2022', '10', '31']",MIN,CLE,110,102,0
"['2022', '10', '31']",POR,DAL,136,119,0
"['2022', '10', '31']",ATL,TOR,114,103,0
"['2022', '10', '31']",PHI,UTA,118,117,0
"['2022', '10', '31']",OKC,BRK,112,102,0
"['2022', '11', '01']",CHI,GSW,132,118,0
"['2022', '11', '01']",DEN,ORL,119,116,0
"['2022', '11', '01']",NYK,DET,117,104,0
"['2022', '11', '01']",LAC,HOU,121,100,0
"['2022', '11', '02']",PHI,LAL,113,112,0
"['2022', '11', '02']",POR,DAL,140,123,0
"['2022', '11', '02']",SAC,SAS,132,119,0
"['2022', '11', '02']",ATL,MIA,121,113,0
"['2022', '11', '02']",BOS,CHO,130,118,0
"['2022', '11', '02']",CLE,NOP,113,103,0
"['2022', '11', '02']",LAL,HOU,140,132,0
"['2022', '11', '02']",MEM,PHO,136,106,0
"['2022', '11', '02']",MIL,IND,132,119,0
"['2022', '11', '02']",UTA,MIN,126,125,0
"['2022', '11', '02']",TOR,NYK,123,121,0
"['2022', '11', '03']",GSW,WAS,127,118,0
"['2022', '11', '03']",DEN,POR,122,113,0
"['2022', '11', '04']",PHI,LAC,120,110,0
"['2022', '11', '04']",MIL,TOR,130,122,0
"['2022', '11', '04']",SAS,BRK,106,98,0
"['2022', '11', '04']",ATL,DAL,130,122,0
"['2022', '11', '04']",DEN,MIN,122,118,0
"['2022', '11', '04']",CHO,HOU,122,117,0
"['2022', '11', '04']",SAC,LAL,116,111,0
"['2022', '11', '04']",MEM,CLE,115,114,0
"['2022', '11', '04']",MIA,NOP,124,98,0
"['2022', '11', '04']",WAS,NYK,116,105,0
"['2022', '11', '04']",OKC,IND,126,106,0
"['2022', '11', '04']",UTA,LAC,126,103,0
"['2022', '11', '05']",BOS,GSW,121,118,0
"['2022', '11', '05']",CHI,DET,126,108,0
"['2022', '11', '05']",MIN,TOR,128,126,0
"['2022', '11', '05']",PHO,BRK,117,112,0
"['2022', '11', '05']",PHI,POR,105,95,0
"['2022', '11', '05']",ATL,NYK,139,124,0
"['2022', '11', '05']",GSW,CLE,120,114,0
"['2022', '11', '05']",DAL,MIA,115,90,0
"['2022', '11', '06']",DEN,IND,134,111,0
"['2022', '11', '06']",LAL,MEM,122,121,0
"['2022', '11', '06']",ORL,NOP,123,110,0
"['2022', '11', '06']",SAC,OKC,118,113,0
"['2022', '11', '07']",LAC,SAS,131,126,0
"['2022', '11', '07']",BRK,UTA,117,106,0
"['2022', '11', '07']",CHO,ATL,122,118,0
"['2022', '11', '07']",CLE,MIL,114,102,0
"['2022', '11', '07']",MIN,HOU,113,104,0
"['2022', '11', '07']",PHO,IND,112,107,0
"['2022', '11', '07']",PHI,SAC,129,127,0
"['2022', '11', '07']",BOS,TOR,106,104,0
"['2022', '11', '07']",WAS,ORL,138,118,0
"['2022', '11', '07']",LAC,DAL,112,98,0
"['2022', '11', '07']",OKC,DEN,101,99,0
"['2022', '11', '07']",BRK,GSW,120,116,0
"['2022', '11', '07']",MIA,NOP,100,96,0
"['2022', '11', '07']",PHO,MEM,112,110,0
"['2022', '11', '07']",LAL,POR,121,112,0
"['2022', '11', '09']",TOR,NYK,125,116,0
"['2022', '11', '09']",CHI,ATL,111,100,0
"['2022', '11', '09']",MIL,DET,150,130,0
"['2022', '11', '09']",HOU,MIN,119,114,0
"['2022', '11', '09']",ORL,BOS,113,98,0
"['2022', '11', '09']",POR,SAS,147,127,0
"['2022', '11', '09']",SAC,MEM,133,100,0
"['2022', '11', '09']",UTA,CHO,120,102,0
"['2022', '11', '09']",WAS,DAL,127,126,0
"['2022', '11', '09']",IND,CHI,116,110,0
"['2022', '11', '09']",LAC,LAL,133,115,0
"['2022', '11', '09']",MIA,BOS,98,95,0
"['2022', '11', '09']",DEN,NOP,99,98,0
"['2022', '11', '10']",NYK,CLE,105,103,0
"['2022', '11', '10']",PHO,CHO,128,97,0
"['2022', '11', '10']",GSW,MEM,122,120,0
"['2022', '11', '10']",WAS,HOU,108,103,0
"['2022', '11', '11']",LAL,SAS,113,104,0
"['2022', '11', '11']",MIL,DEN,107,99,0
"['2022', '11', '11']",MIN,NOP,111,102,0
"['2022', '11', '11']",ATL,OKC,137,132,0
"['2022', '11', '11']",ORL,IND,126,120,0
"['2022', '11', '11']",PHI,BRK,137,133,0
"['2022', '11', '11']",POR,UTA,134,124,0
"['2022', '11', '11']",TOR,SAC,113,95,0
"['2022', '11', '12']",NYK,BOS,120,117,0
"['2022', '11', '12']",DET,BRK,130,122,0
"['2022', '11', '12']",CHO,CHI,111,96,0
"['2022', '11', '12']",CLE,HOU,113,95,0
"['2022', '11', '12']",LAC,SAS,138,100,0
"['2022', '11', '12']",DAL,PHO,99,95,0
"['2022', '11', '12']",GSW,TOR,129,117,0
"['2022', '11', '12']",MIL,IND,141,131,0
"['2022', '11', '13']",MIA,ORL,110,105,0
"['2022', '11', '13']",MIN,MEM,111,100,0
"['2022', '11', '13']",OKC,CLE,112,100,0
"['2022', '11', '13']",LAC,ATL,120,113,0
"['2022', '11', '13']",BOS,LAL,125,121,0
"['2022', '11', '13']",BRK,NYK,122,115,0
"['2022', '11', '13']",HOU,DET,117,114,0
"['2022', '11', '14']",MIN,SAC,117,110,0
"['2022', '11', '14']",WAS,NOP,113,103,0
"['2022', '11', '14']",CHI,ORL,128,109,0
"['2022', '11', '14']",PHI,DEN,126,119,0
"['2022', '11', '14']",TOR,POR,123,105,0
"['2022', '11', '14']",PHO,SAS,128,118,0
"['2022', '11', '14']",UTA,DAL,108,100,0
"['2022', '11', '15']",CHO,MIA,122,117,0
"['2022', '11', '15']",CLE,LAC,122,99,0
"['2022', '11', '15']",MEM,IND,112,100,0
"['2022', '11', '15']",MIL,NOP,135,110,0
"['2022', '11', '15']",BRK,LAL,121,104,0
"['2022', '11', '16']",DAL,DET,111,105,0
"['2022', '11', '16']",SAC,MIN,118,111,0
"['2022', '11', '16']",GSW,OKC,128,120,0
"['2022', '11', '16']",ORL,PHI,119,109,0
"['2022', '11', '16']",PHO,TOR,114,106,0
"['2022', '11', '16']",POR,ATL,129,125,0
"['2022', '11', '16']",WAS,SAS,127,106,0
"['2022', '11', '16']",LAC,CHI,108,103,0
"['2022', '11', '16']",MIA,CLE,100,97,0
"['2022', '11', '16']",DEN,NOP,122,113,0
"['2022', '11', '17']",MIL,CHO,124,115,0
"['2022', '11', '17']",LAL,NYK,129,123,0
"['2022', '11', '17']",BOS,BRK,139,96,0
"['2022', '11', '18']",HOU,OKC,112,106,0
"['2022', '11', '18']",POR,MEM,122,112,0
"['2022', '11', '18']",MIN,GSW,119,114,0
"['2022', '11', '18']",PHI,ORL,105,94,0
"['2022', '11', '18']",ATL,PHO,132,100,0
"['2022', '11', '18']",SAC,SAS,119,109,0
"['2022', '11', '18']",UTA,TOR,131,128,0
"['2022', '11', '18']",CHI,CHO,114,98,0
"['2022', '11', '18']",CLE,MEM,128,113,0
"['2022', '11', '18']",DAL,NOP,111,106,0
"['2022', '11', '18']",DEN,GSW,134,117,0
"['2022', '11', '19']",LAL,IND,112,111,0
"['2022', '11', '19']",MIL,LAC,106,105,0
"['2022', '11', '19']",NYK,MIA,106,104,0
"['2022', '11', '19']",PHO,BOS,106,94,0
"['2022', '11', '19']",DET,CHO,118,112,0
"['2022', '11', '20']",TOR,HOU,117,111,0
"['2022', '11', '20']",IND,SAC,107,104,0
"['2022', '11', '20']",ORL,MIN,127,120,0
"['2022', '11', '20']",PHI,SAS,137,125,0
"['2022', '11', '20']",ATL,UTA,115,108,0
"['2022', '11', '20']",POR,WAS,124,116,0
"['2022', '11', '20']",BRK,WAS,125,123,0
"['2022', '11', '20']",CHI,POR,129,121,0
"['2022', '11', '21']",DEN,ATL,128,108,0
"['2022', '11', '21']",PHO,DET,116,100,0
"['2022', '11', '21']",GSW,DAL,119,113,0
"['2022', '11', '21']",MIL,MIA,123,115,0
"['2022', '11', '21']",NOP,LAL,131,126,0
"['2022', '11', '21']",LAC,NYK,134,128,0
"['2022', '11', '21']",OKC,HOU,153,121,0
"['2022', '11', '21']",ORL,CHO,119,113,0
"['2022', '11', '22']",CLE,IND,122,103,0
"['2022', '11', '22']",TOR,MEM,106,103,0
"['2022', '11', '22']",MIN,DEN,128,98,0
"['2022', '11', '22']",NOP,SAC,136,104,0
"['2022', '11', '23']",NYK,PHI,108,97,0
"['2022', '11', '23']",LAC,BRK,124,116,0
"['2022', '11', '23']",CHI,SAS,128,104,0
"['2022', '11', '23']",BOS,DET,111,99,0
"['2022', '11', '23']",GSW,OKC,141,114,0
"['2022', '11', '23']",SAC,HOU,140,120,0
"['2022', '11', '23']",MIL,POR,127,108,0
"['2022', '11', '23']",DAL,UTA,124,111,0
"['2022', '11', '23']",CLE,WAS,114,91,0
"['2022', '11', '23']",PHO,BRK,116,112,0
"['2022', '11', '23']",DEN,MIN,146,112,0
"['2022', '11', '23']",OKC,LAL,133,130,0
"['2022', '11', '25']",MEM,CHI,104,89,0
"['2022', '11', '25']",NOP,ATL,116,107,0
"['2022', '11', '25']",NYK,ORL,102,98,0
"['2022', '11', '25']",BOS,PHI,106,99,0
"['2022', '11', '25']",CLE,DET,113,85,0
"['2022', '11', '25']",SAC,HOU,130,128,0
"['2022', '11', '25']",DAL,LAC,110,104,0
"['2022', '11', '25']",MIA,IND,116,111,0
"['2022', '11', '25']",POR,GSW,125,122,0
"['2022', '11', '25']",TOR,SAS,112,98,0
"['2022', '11', '25']",MIN,UTA,143,118,0
"['2022', '11', '25']",WAS,CHO,118,104,0
"['2022', '11', '25']",ATL,PHO,116,107,0
"['2022', '11', '25']",BRK,CHI,116,105,0
"['2022', '11', '26']",MIL,LAL,115,106,0
"['2022', '11', '26']",ORL,DEN,115,104,0
"['2022', '11', '26']",BOS,CHO,127,116,0
"['2022', '11', '26']",DET,SAS,138,131,0
"['2022', '11', '27']",PHO,IND,117,104,0
"['2022', '11', '27']",MIL,LAC,119,106,0
"['2022', '11', '27']",MEM,MIN,128,107,0
"['2022', '11', '27']",MIA,HOU,97,95,0
"['2022', '11', '27']",CLE,NOP,118,107,0
"['2022', '11', '27']",PHI,NYK,119,108,0
"['2022', '11', '27']",OKC,POR,138,129,0
"['2022', '11', '27']",DAL,SAC,122,114,0
"['2022', '11', '27']",UTA,TOR,122,116,0
"['2022', '11', '28']",ATL,SAS,125,106,0
"['2022', '11', '28']",PHI,BRK,101,98,0
"['2022', '11', '28']",DEN,CHO,119,105,0
"['2022', '11', '28']",CLE,CHI,97,89,0
"['2022', '11', '28']",LAL,GSW,109,103,0
"['2022', '11', '28']",NYK,UTA,126,120,0
"['2022', '11', '28']",MIA,ORL,107,103,0
"['2022', '11', '28']",SAC,DAL,133,128,0
"['2022', '11', '28']",WAS,IND,127,113,0
"['2022', '11', '28']",BOS,MEM,119,109,0
"['2022', '11', '29']",TOR,DET,119,118,0
"['2022', '11', '29']",ORL,CHI,100,91,0
"['2022', '11', '29']",CHO,ATL,144,138,0
"['2022', '11', '30']",CLE,SAS,117,109,0
"['2022', '11', '30']",MIN,DAL,124,121,0
"['2022', '11', '30']",GSW,WAS,135,126,0
"['2022', '11', '30']",UTA,IND,123,117,0
"['2022', '11', '30']",DEN,MIA,112,108,0
"['2022', '11', '30']",NYK,BRK,124,106,0
"['2022', '11', '30']",NOP,OKC,103,100,0
"['2022', '11', '30']",PHI,HOU,123,104,0
"['2022', '11', '30']",POR,LAL,127,115,0
"['2022', '11', '30']",LAC,GSW,134,124,0
"['2022', '11', '30']",MIL,BOS,131,125,0
"['2022', '11', '30']",PHO,SAC,120,109,0
"['2022', '11', '30']",WAS,POR,126,101,0
"['2022', '12', '01']",TOR,ORL,123,113,0
"['2022', '12', '02']",NYK,ATL,122,101,0
"['2022', '12', '02']",BOS,DET,127,109,0
"['2022', '12', '02']",BRK,MIA,116,105,0
"['2022', '12', '02']",CHO,SAS,120,110,0
"['2022', '12', '02']",DEN,DAL,118,109,0
"['2022', '12', '02']",IND,CHI,117,113,0
"['2022', '12', '02']",LAL,NOP,120,102,0
"['2022', '12', '02']",MEM,UTA,117,111,0
"['2022', '12', '02']",OKC,HOU,133,96,0
"['2022', '12', '02']",PHI,CLE,118,112,0
"['2022', '12', '02']",MIL,CHI,112,100,0
"['2022', '12', '03']",WAS,MIN,114,106,0
"['2022', '12', '03']",LAC,PHO,116,107,0
"['2022', '12', '03']",DEN,CLE,115,109,0
"['2022', '12', '03']",DAL,SAS,142,116,0
"['2022', '12', '03']",BOS,IND,142,138,0
"['2022', '12', '03']",LAL,GSW,124,111,0
"['2022', '12', '03']",ORL,DET,108,106,0
"['2022', '12', '04']",PHI,MEM,110,105,0
"['2022', '12', '04']",SAC,POR,133,116,0
"['2022', '12', '04']",TOR,NOP,115,110,0
"['2022', '12', '04']",UTA,OKC,120,119,0
"['2022', '12', '04']",ATL,CLE,136,119,0
"['2022', '12', '04']",CHI,BRK,131,87,0
"['2022', '12', '04']",GSW,HOU,116,101,0
"['2022', '12', '04']",SAC,LAC,176,175,0
"['2022', '12', '05']",MIL,MIA,128,99,0
"['2022', '12', '05']",CHO,MIN,121,113,0
"['2022', '12', '05']",PHO,OKC,124,115,0
"['2022', '12', '05']",NYK,WAS,115,109,0
"['2022', '12', '05']",CHO,MIA,108,103,0
"['2022', '12', '05']",TOR,DET,95,91,0
"['2022', '12', '05']",MEM,DEN,112,94,0
"['2022', '12', '05']",NYK,NOP,128,106,0
"['2022', '12', '06']",IND,ORL,121,108,0
"['2022', '12', '06']",BOS,PHI,110,107,0
"['2022', '12', '06']",UTA,SAS,118,102,0
"['2022', '12', '07']",ATL,BRK,129,127,0
"['2022', '12', '07']",CHI,WAS,102,82,0
"['2022', '12', '07']",CLE,TOR,118,93,0
"['2022', '12', '07']",LAL,DAL,111,108,0
"['2022', '12', '07']",DEN,LAC,134,124,0
"['2022', '12', '07']",GSW,MIN,109,104,0
"['2022', '12', '07']",MIL,PHO,104,101,0
"['2022', '12', '07']",SAC,OKC,124,115,0
"['2022', '12', '07']",POR,HOU,131,114,0
"['2022', '12', '07']",CHO,DET,117,106,0
"['2022', '12', '07']",ORL,NOP,101,93,0
"['2022', '12', '08']",NYK,BOS,109,94,0
"['2022', '12', '08']",MIA,PHI,101,99,0
"['2022', '12', '08']",WAS,ATL,119,116,0
"['2022', '12', '09']",MIL,BRK,118,104,0
"['2022', '12', '09']",IND,DAL,124,122,0
"['2022', '12', '09']",GSW,POR,123,105,0
"['2022', '12', '09']",DEN,HOU,133,112,0
"['2022', '12', '09']",MIN,LAC,108,101,0
"['2022', '12', '09']",MEM,LAL,121,109,0
"['2022', '12', '09']",SAC,OKC,123,117,0
"['2022', '12', '09']",TOR,CHI,104,98,0
"['2022', '12', '09']",SAS,UTA,102,94,0
"['2022', '12', '09']",BOS,CLE,117,113,0
"['2022', '12', '10']",PHO,CHO,105,91,0
"['2022', '12', '10']",CHI,DET,117,115,0
"['2022', '12', '10']",MEM,HOU,113,99,0
"['2022', '12', '10']",PHI,MIA,119,96,0
"['2022', '12', '10']",MIL,ORL,139,117,0
"['2022', '12', '10']",NYK,BRK,142,118,0
"['2022', '12', '10']",LAL,OKC,123,117,0
"['2022', '12', '10']",NOP,POR,121,110,0
"['2022', '12', '11']",DAL,PHI,133,126,0
"['2022', '12', '11']",GSW,LAC,115,91,0
"['2022', '12', '11']",SAS,IND,110,99,0
"['2022', '12', '11']",WAS,TOR,119,108,0
"['2022', '12', '11']",ATL,POR,129,111,0
"['2022', '12', '11']",BRK,BOS,115,105,0
"['2022', '12', '11']",PHO,CHI,125,104,0
"['2022', '12', '12']",ORL,CHO,117,106,0
"['2022', '12', '12']",DEN,MEM,113,97,0
"['2022', '12', '12']",GSW,NOP,108,99,0
"['2022', '12', '12']",MIN,LAL,110,102,0
"['2022', '12', '12']",NYK,MIA,122,120,0
"['2022', '12', '12']",OKC,UTA,130,103,0
"['2022', '12', '12']",SAC,LAC,128,127,0
"['2022', '12', '13']",CLE,DET,114,90,0
"['2022', '12', '13']",MIA,ATL,117,109,0
"['2022', '12', '13']",PHI,MIL,133,130,0
"['2022', '12', '13']",MIN,SAC,138,134,0
"['2022', '12', '13']",HOU,SAS,122,110,0
"['2022', '12', '14']",TOR,WAS,116,109,0
"['2022', '12', '14']",NYK,BOS,131,129,0
"['2022', '12', '14']",BRK,CHO,102,86,0
"['2022', '12', '14']",IND,CHI,125,122,0
"['2022', '12', '14']",PHO,DAL,130,126,0
"['2022', '12', '14']",HOU,SAS,142,110,0
"['2022', '12', '14']",LAC,MEM,135,129,0
"['2022', '12', '14']",LAL,GSW,113,105,0
"['2022', '12', '14']",OKC,UTA,129,119,0
"['2022', '12', '14']",POR,ORL,122,119,0
"['2022', '12', '15']",MIL,WAS,117,111,0
"['2022', '12', '15']",CLE,BOS,118,114,0
"['2022', '12', '15']",DEN,TOR,118,113,0
"['2022', '12', '15']",POR,DET,110,104,0
"['2022', '12', '16']",PHI,IND,147,143,0
"['2022', '12', '16']",MIA,ATL,130,128,0
"['2022', '12', '16']",SAC,NOP,123,108,0
"['2022', '12', '16']",DAL,UTA,120,116,0
"['2022', '12', '16']",WAS,DET,119,117,0
"['2022', '12', '16']",BRK,HOU,118,96,0
"['2022', '12', '16']",LAL,MEM,112,103,0
"['2022', '12', '16']",PHI,MIN,117,94,0
"['2022', '12', '16']",CHO,NYK,112,105,0
"['2022', '12', '16']",OKC,GSW,137,128,0
"['2022', '12', '17']",MIL,ORL,134,123,0
"['2022', '12', '17']",BOS,POR,115,93,0
"['2022', '12', '17']",CHI,DEN,117,96,0
"['2022', '12', '17']",LAC,TOR,108,100,0
"['2022', '12', '17']",CLE,MIA,104,100,0
"['2022', '12', '17']",NOP,DAL,113,106,0
"['2022', '12', '17']",PHO,OKC,132,101,0
"['2022', '12', '18']",ATL,WAS,122,120,0
"['2022', '12', '18']",CHO,DET,113,103,0
"['2022', '12', '18']",IND,HOU,134,125,0
"['2022', '12', '18']",MEM,GSW,131,110,0
"['2022', '12', '18']",MIL,BRK,118,113,0
"['2022', '12', '18']",UTA,ORL,131,124,0
"['2022', '12', '18']",SAC,NYK,122,117,0
"['2022', '12', '19']",LAL,TOR,122,112,0
"['2022', '12', '19']",MIA,CLE,119,115,0
"['2022', '12', '19']",BRK,MIN,124,123,0
"['2022', '12', '19']",PHI,POR,120,119,0
"['2022', '12', '19']",SAS,DEN,128,120,0
"['2022', '12', '19']",ATL,WAS,114,107,0
"['2022', '12', '19']",BOS,ATL,134,125,0
"['2022', '12', '19']",UTA,CHO,119,111,0
"['2022', '12', '19']",IND,DET,121,115,0
"['2022', '12', '20']",GSW,MIL,125,116,0
"['2022', '12', '20']",CHI,HOU,119,111,0
"['2022', '12', '20']",LAC,NYK,106,95,0
"['2022', '12', '20']",MEM,DAL,112,108,0
"['2022', '12', '20']",OKC,NOP,110,96,0
"['2022', '12', '21']",ORL,MIA,126,114,0
"['2022', '12', '21']",SAC,PHO,128,119,0
"['2022', '12', '21']",CLE,CHO,114,108,0
"['2022', '12', '21']",BRK,DEN,122,120,0
"['2022', '12', '21']",NYK,LAL,112,108,0
"['2022', '12', '21']",NOP,POR,127,110,0
"['2022', '12', '21']",PHI,WAS,112,93,0
"['2022', '12', '21']",OKC,SAS,102,90,0
"['2022', '12', '21']",MIN,ATL,136,115,0
"['2022', '12', '21']",MEM,DAL,104,88,0
"['2022', '12', '21']",DET,IND,117,97,0
"['2022', '12', '22']",GSW,PHO,123,112,0
"['2022', '12', '22']",HOU,BOS,111,109,0
"['2022', '12', '23']",MIA,UTA,119,115,0
"['2022', '12', '23']",MIL,SAC,133,124,0
"['2022', '12', '23']",CLE,CHO,120,104,0
"['2022', '12', '23']",LAL,NOP,123,108,0
"['2022', '12', '23']",OKC,BRK,121,107,0
"['2022', '12', '23']",MIL,PHO,116,104,0
"['2022', '12', '23']",NYK,POR,123,107,0
"['2022', '12', '23']",SAS,ORL,132,114,0
"['2022', '12', '23']",TOR,DEN,125,110,0
"['2022', '12', '23']",WAS,DET,117,97,0
"['2022', '12', '23']",SAC,CHI,117,114,0
"['2022', '12', '23']",PHI,CLE,118,109,0
"['2022', '12', '23']",HOU,LAL,114,110,0
"['2022', '12', '23']",LAC,GSW,134,126,0
"['2022', '12', '25']",MIA,MEM,138,119,0
"['2022', '12', '25']",BOS,MIN,104,102,0
"['2022', '12', '25']",DAL,SAS,137,128,0
"['2022', '12', '25']",SAC,BRK,101,96,0
"['2022', '12', '25']",DEN,DET,119,100,0
"['2022', '12', '26']",IND,MIL,139,123,0
"['2022', '12', '26']",PHO,ORL,116,113,0
"['2022', '12', '26']",TOR,OKC,128,111,0
"['2022', '12', '26']",ATL,GSW,127,119,0
"['2022', '12', '26']",CHI,MIN,139,131,0
"['2022', '12', '26']",PHI,CHO,121,82,0
"['2022', '12', '26']",CLE,WAS,117,94,0
"['2022', '12', '27']",HOU,NOP,114,112,0
"['2022', '12', '27']",DAL,LAL,111,110,0
"['2022', '12', '27']",BOS,POR,126,112,0
"['2022', '12', '27']",MEM,SAS,126,120,0
"['2022', '12', '27']",CHI,MIA,113,99,0
"['2022', '12', '27']",PHI,IND,141,121,0
"['2022', '12', '27']",ORL,LAC,113,108,0
"['2022', '12', '27']",MEM,GSW,133,119,0
"['2022', '12', '27']",NYK,DEN,116,110,0
"['2022', '12', '27']",TOR,MIN,122,107,0
"['2022', '12', '28']",UTA,BOS,118,117,0
"['2022', '12', '28']",SAC,WAS,132,118,0
"['2022', '12', '28']",DEN,BRK,108,102,0
"['2022', '12', '28']",MIA,DET,112,100,0
"['2022', '12', '28']",NOP,HOU,117,107,0
"['2022', '12', '28']",LAL,ORL,111,105,0
"['2022', '12', '28']",MIL,TOR,118,111,0
"['2022', '12', '28']",OKC,PHO,124,120,0
"['2022', '12', '29']",LAC,POR,117,102,0
"['2022', '12', '29']",SAS,ATL,126,118,0
"['2022', '12', '29']",CHO,IND,115,109,0
"['2022', '12', '29']",GSW,HOU,121,108,0
"['2022', '12', '29']",MEM,DAL,112,108,0
"['2022', '12', '29']",MIN,NYK,140,134,0
"['2022', '12', '30']",CHI,PHI,109,105,0
"['2022', '12', '30']",UTA,SAC,128,120,0
"['2022', '12', '30']",ATL,DET,129,107,0
"['2022', '12', '30']",CLE,BRK,115,109,0
"['2022', '12', '30']",OKC,LAC,101,100,0
"['2022', '12', '30']",NOP,SAS,119,84,0
"['2022', '12', '30']",ORL,WAS,122,112,0
"['2022', '12', '30']",BOS,SAC,132,109,0
"['2022', '12', '30']",PHI,CHI,116,91,0
"['2022', '12', '31']",GSW,DAL,127,125,0
"['2022', '12', '31']",LAL,PHO,122,111,0
"['2022', '12', '31']",MEM,HOU,130,125,0
"['2022', '12', '31']",MIA,NYK,127,120,0
"['2022', '12', '31']",MIL,SAS,130,94,0
"['2022', '12', '31']",MIN,ATL,125,124,0
"['2022', '12', '31']",IND,TOR,118,114,0
"['2022', '12', '31']",POR,UTA,127,115,0
"['2022', '12', '31']",DEN,WAS,118,104,0
"['2023', '01', '01']",CLE,BRK,116,114,0
"['2023', '01', '01']",LAC,OKC,127,105,0
"['2023', '01', '01']",NOP,CHO,115,96,0
"['2023', '01', '02']",ORL,NYK,111,106,0
"['2023', '01', '02']",BOS,IND,120,95,0
"['2023', '01', '02']",CHO,DAL,117,109,0
"['2023', '01', '02']",GSW,PHI,120,112,0
"['2023', '01', '02']",LAL,OKC,116,111,0
"['2023', '01', '02']",MEM,HOU,151,114,0
"['2023', '01', '02']",CHI,POR,124,96,0
"['2023', '01', '02']",SAC,PHO,135,127,0
"['2023', '01', '02']",TOR,DET,118,97,0
"['2023', '01', '02']",MIL,UTA,144,116,0
"['2023', '01', '02']",WAS,SAS,136,124,0
"['2023', '01', '03']",ATL,IND,143,130,0
"['2023', '01', '03']",DEN,MIL,129,106,0
"['2023', '01', '03']",NOP,LAC,131,110,0
"['2023', '01', '04']",BRK,MIA,129,100,0
"['2023', '01', '04']",PHO,PHI,125,105,0
"['2023', '01', '04']",SAC,UTA,121,113,0
"['2023', '01', '04']",MEM,ATL,123,119,0
"['2023', '01', '04']",BOS,SAS,137,93,0
"['2023', '01', '04']",CHO,DAL,110,104,0
"['2023', '01', '04']",CLE,HOU,108,91,0
"['2023', '01', '04']",MIN,GSW,99,96,0
"['2023', '01', '04']",CHI,LAL,118,108,0
"['2023', '01', '04']",ORL,BRK,119,106,0
"['2023', '01', '04']",OKC,POR,118,112,0
"['2023', '01', '04']",TOR,WAS,114,104,0
"['2023', '01', '05']",DEN,PHI,116,111,0
"['2023', '01', '05']",MIL,DET,126,117,0
"['2023', '01', '05']",DAL,IND,127,104,0
"['2023', '01', '05']",LAC,CHI,124,112,0
"['2023', '01', '06']",NYK,HOU,137,115,0
"['2023', '01', '06']",NOP,POR,124,90,0
"['2023', '01', '06']",MIN,SAC,119,115,0
"['2023', '01', '06']",PHO,UTA,117,103,0
"['2023', '01', '06']",ATL,CLE,120,118,0
"['2023', '01', '06']",GSW,NOP,120,109,0
"['2023', '01', '06']",MEM,ORL,113,108,0
"['2023', '01', '06']",CHO,OKC,137,134,0
"['2023', '01', '06']",TOR,MIA,106,92,0
"['2023', '01', '06']",WAS,BOS,130,111,0
"['2023', '01', '06']",BRK,HOU,123,114,0
"['2023', '01', '07']",LAL,CHI,121,110,0
"['2023', '01', '07']",MIL,IND,149,136,0
"['2023', '01', '07']",LAC,MEM,141,132,0
"['2023', '01', '07']",NYK,MIA,101,92,0
"['2023', '01', '07']",OKC,DET,107,106,0
"['2023', '01', '08']",PHI,DAL,116,108,0
"['2023', '01', '08']",PHO,MIN,107,100,0
"['2023', '01', '08']",SAC,POR,120,80,0
"['2023', '01', '08']",UTA,SAS,128,117,0
"['2023', '01', '08']",NOP,DEN,107,88,0
"['2023', '01', '08']",BOS,MIL,140,99,0
"['2023', '01', '08']",BOS,UTA,122,114,0
"['2023', '01', '08']",BRK,ATL,124,107,0
"['2023', '01', '08']",CHI,CHO,121,91,0
"['2023', '01', '09']",NYK,CLE,130,116,0
"['2023', '01', '09']",GSW,SAS,130,115,0
"['2023', '01', '09']",HOU,DET,121,115,0
"['2023', '01', '09']",IND,OKC,121,117,0
"['2023', '01', '09']",MEM,LAC,108,94,0
"['2023', '01', '09']",LAL,MIN,123,111,0
"['2023', '01', '10']",PHI,TOR,117,110,0
"['2023', '01', '10']",PHO,DEN,100,93,0
"['2023', '01', '10']",SAC,POR,138,114,0
"['2023', '01', '10']",ORL,WAS,116,109,0
"['2023', '01', '10']",MIA,DAL,129,122,0
"['2023', '01', '10']",NOP,LAC,122,114,0
"['2023', '01', '10']",ATL,DAL,132,130,0
"['2023', '01', '11']",BRK,UTA,111,110,0
"['2023', '01', '11']",CHI,MEM,128,107,0
"['2023', '01', '11']",TOR,CHO,128,108,0
"['2023', '01', '11']",CLE,IND,115,105,0
"['2023', '01', '11']",DEN,GSW,112,110,0
"['2023', '01', '11']",LAL,HOU,134,109,0
"['2023', '01', '11']",MIL,PHI,117,104,0
"['2023', '01', '11']",POR,MIN,107,105,0
"['2023', '01', '12']",NYK,WAS,118,109,0
"['2023', '01', '12']",PHO,OKC,128,118,0
"['2023', '01', '12']",ORL,DET,128,102,0
"['2023', '01', '12']",SAS,SAC,142,134,0
"['2023', '01', '12']",MIN,BRK,107,102,0
"['2023', '01', '12']",ATL,CHI,123,105,0
"['2023', '01', '13']",TOR,CHO,120,100,0
"['2023', '01', '13']",MIA,DET,118,105,0
"['2023', '01', '13']",GSW,OKC,136,125,0
"['2023', '01', '13']",HOU,DEN,124,103,0
"['2023', '01', '13']",MEM,POR,119,109,0
"['2023', '01', '13']",SAC,NOP,121,103,0
"['2023', '01', '13']",CLE,ORL,117,113,0
"['2023', '01', '13']",PHI,BOS,103,101,0
"['2023', '01', '13']",PHO,SAS,115,94,0
"['2023', '01', '14']",LAL,UTA,135,133,0
"['2023', '01', '14']",MIL,WAS,140,128,0
"['2023', '01', '14']",BOS,PHI,126,117,0
"['2023', '01', '14']",GSW,LAL,123,109,0
"['2023', '01', '14']",ATL,HOU,117,107,0
"['2023', '01', '14']",NOP,BRK,130,108,0
"['2023', '01', '14']",DET,ORL,113,109,0
"['2023', '01', '15']",WAS,IND,114,107,0
"['2023', '01', '15']",MEM,NYK,115,112,0
"['2023', '01', '15']",CHI,MIA,116,108,0
"['2023', '01', '15']",MIN,OKC,115,108,0
"['2023', '01', '15']",PHO,DAL,107,105,0
"['2023', '01', '15']",POR,SAC,115,108,0
"['2023', '01', '15']",CHO,SAS,129,102,0
"['2023', '01', '15']",TOR,CLE,108,105,0
"['2023', '01', '16']",UTA,DEN,123,102,0
"['2023', '01', '16']",LAC,LAL,103,97,0
"['2023', '01', '16']",MIL,PHI,90,88,0
"['2023', '01', '16']",ATL,ORL,108,98,0
"['2023', '01', '16']",BRK,TOR,109,105,0
"['2023', '01', '16']",NOP,CHO,124,112,0
"['2023', '01', '16']",DEN,GSW,128,123,0
"['2023', '01', '16']",MEM,HOU,129,122,0
"['2023', '01', '16']",SAS,IND,137,134,0
"['2023', '01', '17']",BOS,MIA,111,104,0
"['2023', '01', '17']",UTA,MIN,132,126,0
"['2023', '01', '17']",NYK,DET,130,106,0
"['2023', '01', '17']",POR,PHO,113,111,0
"['2023', '01', '18']",WAS,CHI,102,100,0
"['2023', '01', '18']",CLE,CHI,128,96,0
"['2023', '01', '18']",DAL,MEM,137,96,0
"['2023', '01', '18']",DEN,OKC,122,117,0
"['2023', '01', '18']",IND,DET,124,115,0
"['2023', '01', '18']",MIA,TOR,112,109,0
"['2023', '01', '18']",MIL,HOU,125,105,0
"['2023', '01', '18']",BOS,ORL,126,120,0
"['2023', '01', '18']",SAS,PHI,114,105,0
"['2023', '01', '19']",LAC,SAC,111,109,0
"['2023', '01', '19']",CHO,ATL,126,109,0
"['2023', '01', '19']",CLE,WAS,117,107,0
"['2023', '01', '19']",GSW,SAC,130,125,0
"['2023', '01', '19']",PHO,LAC,112,95,0
"['2023', '01', '20']",POR,LAL,106,104,0
"['2023', '01', '20']",UTA,NOP,122,121,0
"['2023', '01', '20']",MIN,OKC,116,106,0
"['2023', '01', '20']",CHI,BOS,120,102,0
"['2023', '01', '20']",HOU,UTA,114,108,0
"['2023', '01', '20']",MEM,BRK,134,124,0
"['2023', '01', '20']",TOR,MIA,98,90,0
"['2023', '01', '20']",SAS,MIN,115,106,0
"['2023', '01', '20']",NYK,ORL,115,102,0
"['2023', '01', '21']",PHI,IND,120,106,0
"['2023', '01', '21']",POR,DEN,135,110,0
"['2023', '01', '21']",NOP,DAL,113,111,0
"['2023', '01', '21']",OKC,LAC,108,94,0
"['2023', '01', '21']",PHO,GSW,134,105,0
"['2023', '01', '21']",WAS,DET,120,99,0
"['2023', '01', '21']",CHI,IND,124,109,0
"['2023', '01', '22']",CLE,ORL,103,92,0
"['2023', '01', '22']",DEN,LAL,110,99,0
"['2023', '01', '22']",ATL,DET,118,113,0
"['2023', '01', '22']",MIL,BRK,110,99,0
"['2023', '01', '22']",MIN,SAS,134,122,0
"['2023', '01', '22']",NYK,CHO,134,131,0
"['2023', '01', '22']",MIA,POR,119,98,0
"['2023', '01', '23']",TOR,PHI,119,109,0
"['2023', '01', '23']",UTA,HOU,109,101,0
"['2023', '01', '23']",DAL,BRK,129,125,0
"['2023', '01', '23']",GSW,MIA,123,110,0
"['2023', '01', '23']",OKC,LAC,118,110,0
"['2023', '01', '23']",MEM,SAC,125,110,0
"['2023', '01', '23']",CLE,BOS,132,123,0
"['2023', '01', '24']",DEN,UTA,117,101,0
"['2023', '01', '24']",ATL,DET,136,112,0
"['2023', '01', '24']",MIL,NYK,119,108,0
"['2023', '01', '24']",MIN,LAL,111,102,0
"['2023', '01', '24']",ORL,CHO,113,93,0
"['2023', '01', '24']",PHO,NOP,124,111,0
"['2023', '01', '24']",POR,HOU,125,111,0
"['2023', '01', '25']",SAS,CHI,129,124,0
"['2023', '01', '25']",PHI,TOR,112,90,0
"['2023', '01', '25']",IND,WAS,127,117,0
"['2023', '01', '25']",IND,BRK,125,116,0
"['2023', '01', '25']",PHI,CHI,114,109,0
"['2023', '01', '25']",CHO,GSW,120,113,0
"['2023', '01', '25']",OKC,DAL,117,111,0
"['2023', '01', '25']",MIL,ATL,123,115,0
"['2023', '01', '25']",SAC,MIA,119,113,0
"['2023', '01', '25']",UTA,MEM,124,123,0
"['2023', '01', '26']",BOS,WAS,112,94,0
"['2023', '01', '26']",CLE,NYK,121,108,0
"['2023', '01', '26']",DAL,ORL,114,105,0
"['2023', '01', '26']",DET,GSW,128,114,0
"['2023', '01', '26']",NOP,LAC,112,91,0
"['2023', '01', '26']",LAL,DEN,121,110,0
"['2023', '01', '27']",PHO,HOU,124,109,0
"['2023', '01', '27']",SAS,MIN,107,98,0
"['2023', '01', '27']",BRK,IND,116,109,0
"['2023', '01', '27']",SAC,CHO,115,108,0
"['2023', '01', '27']",LAC,HOU,95,93,0
"['2023', '01', '28']",MIL,DET,110,108,0
"['2023', '01', '28']",TOR,ATL,139,109,0
"['2023', '01', '28']",UTA,MEM,121,105,0
"['2023', '01', '28']",PHI,WAS,118,111,0
"['2023', '01', '28']",CHI,BRK,108,99,0
"['2023', '01', '28']",MIA,GSW,116,109,0
"['2023', '01', '28']",OKC,ORL,116,108,0
"['2023', '01', '28']",PHO,MIN,116,107,0
"['2023', '01', '28']",CHI,CHO,106,88,0
"['2023', '01', '28']",CLE,BOS,114,113,0
"['2023', '01', '28']",DAL,UTA,103,100,0
"['2023', '01', '29']",LAC,HOU,109,101,0
"['2023', '01', '29']",LAL,NOP,120,117,0
"['2023', '01', '29']",MIA,SAC,110,107,0
"['2023', '01', '29']",MIL,DET,116,91,0
"['2023', '01', '30']",ATL,NYK,112,99,0
"['2023', '01', '30']",WAS,PHI,121,111,0
"['2023', '01', '30']",MEM,POR,111,106,0
"['2023', '01', '30']",TOR,SAS,143,100,0
"['2023', '01', '30']",DEN,OKC,122,110,0
"['2023', '01', '30']",ORL,GSW,130,129,0
"['2023', '01', '30']",BOS,CHI,123,119,0
"['2023', '01', '30']",DAL,TOR,111,110,0
"['2023', '01', '31']",CLE,DET,112,88,0
"['2023', '01', '31']",IND,MIA,101,99,0
"['2023', '01', '31']",UTA,LAL,130,116,0
"['2023', '01', '31']",MEM,CHO,130,99,0
"['2023', '01', '31']",MIL,MIN,115,102,0
"['2023', '02', '01']",NOP,GSW,114,105,0
"['2023', '02', '01']",NYK,PHI,106,104,0
"['2023', '02', '01']",POR,PHO,108,106,0
"['2023', '02', '01']",LAC,SAS,113,106,0
"['2023', '02', '01']",BRK,WAS,128,86,0
"['2023', '02', '01']",ATL,NOP,124,121,0
"['2023', '02', '01']",BRK,CHO,98,94,0
"['2023', '02', '01']",DEN,SAS,126,101,0
"['2023', '02', '02']",MIL,OKC,108,94,0
"['2023', '02', '02']",MIN,HOU,129,117,0
"['2023', '02', '02']",BOS,NYK,133,118,0
"['2023', '02', '02']",SAC,ORL,126,123,0
"['2023', '02', '02']",PHO,POR,102,82,0
"['2023', '02', '02']",UTA,LAC,110,102,0
"['2023', '02', '02']",CLE,LAL,114,100,0
"['2023', '02', '03']",MEM,WAS,103,97,0
"['2023', '02', '03']",TOR,CHI,113,104,0
"['2023', '02', '03']",ATL,MIL,117,98,0
"['2023', '02', '03']",CHI,TOR,111,97,0
"['2023', '02', '03']",WAS,CHO,108,100,0
"['2023', '02', '03']",DAL,BRK,96,94,0
"['2023', '02', '03']",DET,OKC,112,103,0
"['2023', '02', '03']",GSW,SAC,116,113,0
"['2023', '02', '04']",IND,NOP,129,122,0
"['2023', '02', '04']",LAC,CLE,119,117,0
"['2023', '02', '04']",BOS,MEM,109,106,0
"['2023', '02', '04']",POR,MIA,110,107,0
"['2023', '02', '04']",NYK,MIN,120,107,0
"['2023', '02', '04']",HOU,ORL,134,127,0
"['2023', '02', '04']",PHI,PHO,100,88,0
"['2023', '02', '04']",DEN,SAS,115,109,0
"['2023', '02', '04']",UTA,LAL,139,116,0
"['2023', '02', '05']",UTA,ATL,125,119,0
"['2023', '02', '05']",BOS,DET,128,112,0
"['2023', '02', '05']",BRK,NYK,112,85,0
"['2023', '02', '05']",NOP,CHI,115,111,0
"['2023', '02', '05']",POR,CHO,105,95,0
"['2023', '02', '05']",DEN,IND,122,119,0
"['2023', '02', '06']",LAC,LAL,114,101,0
"['2023', '02', '06']",PHO,MIN,129,117,0
"['2023', '02', '06']",MIL,OKC,136,132,0
"['2023', '02', '06']",ORL,DAL,94,87,0
"['2023', '02', '06']",SAC,CLE,127,120,0
"['2023', '02', '06']",MEM,SAS,124,122,0
"['2023', '02', '06']",TOR,HOU,116,109,0
"['2023', '02', '06']",ATL,PHI,104,95,0
"['2023', '02', '07']",MIA,CHO,117,112,0
"['2023', '02', '07']",POR,NOP,106,95,0
"['2023', '02', '07']",WAS,DAL,113,105,0
"['2023', '02', '07']",BOS,DEN,131,112,0
"['2023', '02', '07']",GSW,CLE,106,101,0
"['2023', '02', '07']",SAC,LAL,120,114,0
"['2023', '02', '08']",MEM,MIN,114,103,0
"['2023', '02', '08']",NYK,DET,121,112,0
"['2023', '02', '08']",OKC,TOR,132,113,0
"['2023', '02', '08']",ORL,PHO,114,97,0
"['2023', '02', '08']",SAS,MIL,111,93,0
"['2023', '02', '08']",DAL,POR,117,112,0
"['2023', '02', '08']",BOS,DET,117,108,0
"['2023', '02', '08']",IND,TOR,118,104,0
"['2023', '02', '08']",BRK,LAC,110,95,0
"['2023', '02', '09']",MIA,CHO,132,115,0
"['2023', '02', '09']",NOP,HOU,119,106,0
"['2023', '02', '09']",PHI,ATL,121,109,0
"['2023', '02', '09']",WAS,UTA,121,112,0
"['2023', '02', '10']",DEN,CHI,126,103,0
"['2023', '02', '10']",MIN,CLE,129,124,0
"['2023', '02', '10']",LAL,BRK,116,103,0
"['2023', '02', '10']",OKC,NYK,145,135,0
"['2023', '02', '10']",PHI,UTA,105,98,0
"['2023', '02', '10']",SAC,GSW,122,115,0
"['2023', '02', '10']",WAS,MEM,102,92,0
"['2023', '02', '10']",BOS,OKC,126,122,0
"['2023', '02', '10']",TOR,DET,115,111,0
"['2023', '02', '10']",GSW,SAS,132,95,0
"['2023', '02', '10']",LAC,HOU,122,106,0
"['2023', '02', '11']",MIA,PHO,113,112,0
"['2023', '02', '11']",ATL,MIL,121,106,0
"['2023', '02', '11']",CHO,ORL,112,105,0
"['2023', '02', '11']",DAL,LAC,103,101,0
"['2023', '02', '11']",NOP,MEM,113,102,0
"['2023', '02', '11']",POR,SAS,117,110,0
"['2023', '02', '11']",SAC,BRK,153,121,0
"['2023', '02', '11']",NYK,UTA,118,111,0
"['2023', '02', '11']",BOS,ATL,126,101,0
"['2023', '02', '12']",IND,CHO,125,113,0
"['2023', '02', '12']",HOU,DAL,101,92,0
"['2023', '02', '13']",NYK,DEN,106,103,0
"['2023', '02', '13']",MIL,CLE,113,98,0
"['2023', '02', '13']",NOP,CHI,124,110,0
"['2023', '02', '13']",MIN,ORL,126,108,0
"['2023', '02', '13']",PHO,GSW,130,119,0
"['2023', '02', '13']",TOR,MIA,112,104,0
"['2023', '02', '13']",OKC,WAS,121,120,0
"['2023', '02', '13']",LAC,DET,96,91,0
"['2023', '02', '13']",BRK,POR,109,107,0
"['2023', '02', '13']",SAC,SAS,130,112,0
"['2023', '02', '13']",ORL,CHI,108,107,0
"['2023', '02', '14']",CLE,CHO,132,122,0
"['2023', '02', '14']",DAL,DEN,127,99,0
"['2023', '02', '14']",GSW,NYK,111,101,0
"['2023', '02', '14']",IND,HOU,99,91,0
"['2023', '02', '14']",LAL,DET,128,121,0
"['2023', '02', '15']",MEM,OKC,121,110,0
"['2023', '02', '15']",BOS,NOP,117,109,0
"['2023', '02', '15']",PHI,MIL,110,102,0
"['2023', '02', '15']",UTA,PHO,134,133,0
"['2023', '02', '15']",WAS,MIA,107,106,0
"['2023', '02', '15']",ATL,TOR,124,122,0
"['2023', '02', '15']",IND,ORL,114,113,0
"['2023', '02', '15']",LAC,SAS,119,97,0
"['2023', '02', '15']",MIN,PHI,112,109,0
"['2023', '02', '15']",UTA,POR,118,113,0
"['2023', '02', '16']",BRK,MEM,127,115,0
"['2023', '02', '16']",CLE,MIA,113,87,0
"['2023', '02', '16']",DEN,DAL,98,97,0
"['2023', '02', '23']",GSW,HOU,127,120,0
"['2023', '02', '23']",LAL,SAS,123,92,0
"['2023', '02', '23']",PHO,NYK,116,95,0
"['2023', '02', '23']",SAC,DET,137,129,0
"['2023', '02', '23']",WAS,CHO,106,102,0
"['2023', '02', '23']",CHI,BOS,121,107,0
"['2023', '02', '23']",CLE,ATL,114,102,0
"['2023', '02', '23']",IND,ORL,123,102,0
"['2023', '02', '23']",LAC,UTA,121,114,0
"['2023', '02', '24']",MIL,POR,119,111,0
"['2023', '02', '24']",MIN,MIA,105,101,0
"['2023', '02', '24']",NOP,GSW,128,83,0
"['2023', '02', '24']",NYK,OKC,129,119,0
"['2023', '02', '24']",DET,DEN,110,108,0
"['2023', '02', '24']",SAC,MEM,113,109,0
"['2023', '02', '24']",PHI,BRK,115,106,0
"['2023', '02', '24']",PHO,LAL,115,105,0
"['2023', '02', '25']",ATL,SAC,115,106,0
"['2023', '02', '25']",BOS,DAL,125,112,0
"['2023', '02', '25']",CHO,PHI,107,101,0
"['2023', '02', '25']",CLE,POR,114,96,0
"['2023', '02', '25']",GSW,LAC,124,107,0
"['2023', '02', '25']",MIN,IND,115,101,0
"['2023', '02', '25']",MIA,WAS,113,105,0
"['2023', '02', '26']",CHI,MIL,118,113,0
"['2023', '02', '26']",DEN,OKC,131,126,0
"['2023', '02', '26']",NOP,SAS,129,110,0
"['2023', '02', '26']",BRK,TOR,112,98,0
"['2023', '02', '26']",DET,UTA,125,116,0
"['2023', '02', '26']",BOS,SAC,122,104,0
"['2023', '02', '26']",CHO,MIN,110,108,0
"['2023', '02', '26']",GSW,UTA,129,118,0
"['2023', '02', '26']",HOU,ATL,128,122,0
"['2023', '02', '27']",IND,BRK,128,117,0
"['2023', '02', '27']",DEN,LAC,114,104,0
"['2023', '02', '27']",MEM,NOP,132,111,0
"['2023', '02', '27']",MIA,WAS,110,107,0
"['2023', '02', '28']",MIL,CLE,117,102,0
"['2023', '02', '28']",POR,NYK,132,129,0
"['2023', '02', '28']",OKC,CHI,123,119,0
"['2023', '02', '28']",PHI,ORL,107,99,0
"['2023', '02', '28']",PHO,DET,108,102,0
"['2023', '02', '28']",LAL,SAS,105,94,0
"['2023', '02', '28']",HOU,OKC,118,105,0
"['2023', '02', '28']",PHO,UTA,113,112,0
"['2023', '02', '28']",LAL,SAS,143,138,0
"['2023', '02', '28']",TOR,DAL,105,100,0
"['2023', '03', '01']",MIA,ATL,106,98,0
"['2023', '03', '01']",BOS,WAS,130,121,0
"['2023', '03', '01']",BRK,POR,111,97,0
"['2023', '03', '01']",CLE,DET,102,94,0
"['2023', '03', '01']",LAC,IND,114,100,0
"['2023', '03', '01']",MIL,DAL,124,115,0
"['2023', '03', '01']",GSW,MIN,137,114,0
"['2023', '03', '01']",MEM,NYK,127,123,0
"['2023', '03', '01']",PHI,ORL,133,103,0
"['2023', '03', '02']",BOS,CHO,140,105,0
"['2023', '03', '02']",BRK,ORL,109,102,0
"['2023', '03', '02']",DEN,HOU,129,113,0
"['2023', '03', '02']",IND,LAL,116,115,0
"['2023', '03', '03']",NOP,OKC,105,101,0
"['2023', '03', '03']",PHI,ATL,104,101,0
"['2023', '03', '03']",PHO,SAC,122,117,0
"['2023', '03', '03']",TOR,CLE,100,88,0
"['2023', '03', '03']",CHI,UTA,114,107,0
"['2023', '03', '03']",WAS,MIN,142,127,0
"['2023', '03', '03']",DAL,GSW,116,113,0
"['2023', '03', '03']",NYK,DET,140,110,0
"['2023', '03', '03']",LAC,POR,118,112,0
"['2023', '03', '03']",BOS,MIA,134,121,0
"['2023', '03', '04']",BRK,WAS,113,107,0
"['2023', '03', '04']",CLE,PHI,113,85,0
"['2023', '03', '04']",DEN,HOU,120,100,0
"['2023', '03', '04']",LAL,POR,128,109,0
"['2023', '03', '04']",MIN,MEM,109,101,0
"['2023', '03', '04']",NOP,TOR,126,108,0
"['2023', '03', '05']",MIL,NYK,109,103,0
"['2023', '03', '05']",OKC,SAS,119,111,0
"['2023', '03', '05']",ATL,ORL,125,108,0
"['2023', '03', '05']",PHO,CHI,132,113,0
"['2023', '03', '05']",SAC,IND,137,114,0
"['2023', '03', '05']",UTA,LAC,125,112,0
"['2023', '03', '05']",DET,DAL,131,125,0
"['2023', '03', '05']",ATL,DEN,117,109,0
"['2023', '03', '05']",MIA,BOS,120,116,0
"['2023', '03', '05']",BRK,TOR,114,105,0
"['2023', '03', '06']",CHO,WAS,117,116,0
"['2023', '03', '06']",CLE,ORL,107,96,0
"['2023', '03', '06']",GSW,CHI,119,111,0
"['2023', '03', '06']",MEM,PHI,117,109,0
"['2023', '03', '06']",LAL,MIL,133,129,0
"['2023', '03', '06']",HOU,PHO,122,121,0
"['2023', '03', '07']",NOP,SAS,117,99,0
"['2023', '03', '07']",UTA,IND,139,119,0
"['2023', '03', '07']",MIL,CHO,105,96,0
"['2023', '03', '07']",GSW,HOU,120,101,0
"['2023', '03', '07']",SAC,LAC,123,96,0
"['2023', '03', '07']",OKC,MIN,135,128,0
"['2023', '03', '07']",DAL,NYK,121,100,0
"['2023', '03', '07']",TOR,ORL,121,108,0
"['2023', '03', '08']",POR,UTA,116,111,0
"['2023', '03', '08']",BOS,BRK,103,92,0
"['2023', '03', '08']",MEM,DET,122,112,0
"['2023', '03', '08']",NOP,DEN,121,106,0
"['2023', '03', '08']",NYK,CLE,92,81,0
"['2023', '03', '08']",POR,IND,116,100,0
"['2023', '03', '08']",SAC,CHI,110,101,0
"['2023', '03', '09']",PHO,SAS,133,95,0
"['2023', '03', '09']",LAL,WAS,130,119,0
"['2023', '03', '09']",OKC,ATL,121,114,0
"['2023', '03', '09']",LAC,CHO,119,117,0
"['2023', '03', '09']",DAL,PHO,130,111,0
"['2023', '03', '09']",IND,GSW,112,104,0
"['2023', '03', '10']",HOU,PHI,132,123,0
"['2023', '03', '10']",MEM,MIA,101,93,0
"['2023', '03', '10']",MIL,ORL,109,102,0
"['2023', '03', '10']",BOS,TOR,116,110,0
"['2023', '03', '10']",CLE,LAL,116,102,0
"['2023', '03', '10']",DAL,DEN,116,115,0
"['2023', '03', '11']",DET,MIA,116,96,0
"['2023', '03', '11']",BRK,CHO,122,116,0
"['2023', '03', '11']",CHI,WAS,115,111,0
"['2023', '03', '11']",MEM,OKC,123,102,0
"['2023', '03', '11']",MIL,SAC,126,113,0
"['2023', '03', '11']",MIN,IND,121,115,0
"['2023', '03', '11']",NOP,DET,104,98,0
"['2023', '03', '11']",NYK,ATL,113,89,0
"['2023', '03', '11']",ORL,LAC,116,111,0
"['2023', '03', '11']",BOS,PHO,125,98,0
"['2023', '03', '12']",TOR,LAL,126,113,0
"['2023', '03', '12']",UTA,GSW,124,123,0
"['2023', '03', '12']",MIA,LAC,115,110,0
"['2023', '03', '12']",DEN,POR,121,120,0
"['2023', '03', '12']",SAS,HOU,118,109,0
"['2023', '03', '12']",BRK,ATL,120,116,0
"['2023', '03', '13']",NYK,CHO,121,102,0
"['2023', '03', '13']",SAC,CLE,106,95,0
"['2023', '03', '13']",MIL,DAL,106,105,0
"['2023', '03', '13']",IND,WAS,121,111,0
"['2023', '03', '13']",MEM,DET,114,103,0
"['2023', '03', '13']",NOP,PHO,128,117,0
"['2023', '03', '13']",ORL,TOR,113,109,0
"['2023', '03', '14']",PHI,LAL,133,122,0
"['2023', '03', '14']",MIN,UTA,118,108,0
"['2023', '03', '14']",CHI,DAL,144,115,0
"['2023', '03', '14']",CLE,OKC,110,102,0
"['2023', '03', '14']",DEN,UTA,115,110,0
"['2023', '03', '14']",GSW,BOS,123,107,0
"['2023', '03', '14']",BRK,IND,136,133,0
"['2023', '03', '14']",SAS,MIA,115,111,0
"['2023', '03', '15']",POR,MIN,124,118,0
"['2023', '03', '15']",LAC,WAS,114,107,0
"['2023', '03', '15']",ATL,CHI,123,122,0
"['2023', '03', '15']",LAL,DET,124,117,0
"['2023', '03', '15']",HOU,MIL,97,92,0
"['2023', '03', '15']",NOP,PHO,129,124,0
"['2023', '03', '15']",NYK,SAC,112,99,0
"['2023', '03', '16']",ORL,TOR,111,99,0
"['2023', '03', '16']",PHI,CHO,131,113,0
"['2023', '03', '16']",DAL,OKC,121,114,0
"['2023', '03', '16']",MIA,IND,87,82,0
"['2023', '03', '16']",LAC,BOS,113,93,0
"['2023', '03', '17']",MEM,ATL,128,103,0
"['2023', '03', '17']",POR,MIN,133,112,0
"['2023', '03', '17']",SAS,CLE,112,111,0
"['2023', '03', '17']",BRK,WAS,112,100,0
"['2023', '03', '17']",HOU,PHO,111,97,0
"['2023', '03', '17']",BOS,LAL,122,118,0
"['2023', '03', '17']",MIL,GSW,128,111,0
"['2023', '03', '17']",PHI,SAC,123,103,0
"['2023', '03', '18']",UTA,NOP,121,100,0
"['2023', '03', '18']",NYK,CHI,128,120,0
"['2023', '03', '18']",DET,CHO,141,134,0
"['2023', '03', '18']",CLE,DAL,105,90,0
"['2023', '03', '18']",DEN,WAS,141,128,0
"['2023', '03', '18']",IND,GSW,125,119,0
"['2023', '03', '18']",LAC,MIN,99,88,0
"['2023', '03', '18']",MIA,OKC,110,108,0
"['2023', '03', '19']",ORL,ATL,135,124,0
"['2023', '03', '19']",POR,SAS,128,112,0
"['2023', '03', '19']",SAC,TOR,124,123,0
"['2023', '03', '19']",MIA,HOU,111,108,0
"['2023', '03', '19']",PHO,LAC,111,95,0
"['2023', '03', '19']",MEM,MIL,142,101,0
"['2023', '03', '19']",UTA,NOP,132,129,0
"['2023', '03', '19']",ORL,BOS,117,109,0
"['2023', '03', '20']",NYK,CHI,114,91,0
"['2023', '03', '20']",ATL,CHO,125,106,0
"['2023', '03', '20']",CLE,IND,118,112,0
"['2023', '03', '20']",DAL,POR,130,110,0
"['2023', '03', '20']",SAC,DET,122,113,0
"['2023', '03', '20']",LAL,DEN,126,108,0
"['2023', '03', '21']",MIN,OKC,112,110,0
"['2023', '03', '21']",PHI,GSW,118,106,0
"['2023', '03', '21']",BRK,TOR,119,116,0
"['2023', '03', '21']",CLE,DAL,100,99,0
"['2023', '03', '21']",POR,HOU,107,95,0
"['2023', '03', '21']",LAC,WAS,102,93,0
"['2023', '03', '22']",MIL,UTA,123,97,0
"['2023', '03', '22']",OKC,MEM,115,109,0
"['2023', '03', '22']",PHO,NOP,118,114,0
"['2023', '03', '22']",MIA,SAS,111,101,0
"['2023', '03', '22']",ORL,BOS,95,92,0
"['2023', '03', '22']",DEN,CHO,119,115,0
"['2023', '03', '22']",BRK,DET,124,121,0
"['2023', '03', '22']",NYK,IND,109,106,0
"['2023', '03', '22']",LAL,WAS,119,117,0
"['2023', '03', '22']",MIN,CHI,150,126,0
"['2023', '03', '23']",GSW,TOR,126,110,0
"['2023', '03', '23']",ATL,ORL,126,125,0
"['2023', '03', '23']",CLE,UTA,122,99,0
"['2023', '03', '23']",SAS,HOU,124,105,0
"['2023', '03', '24']",MIN,DAL,116,106,0
"['2023', '03', '24']",MIL,NOP,128,119,0
"['2023', '03', '24']",OKC,POR,123,121,0
"['2023', '03', '24']",PHI,TOR,104,101,0
"['2023', '03', '24']",PHO,LAL,130,104,0
"['2023', '03', '24']",CHO,SAC,125,119,0
"['2023', '03', '24']",DEN,MEM,105,91,0
"['2023', '03', '24']",UTA,DET,126,111,0
"['2023', '03', '24']",CHI,MIA,113,103,0
"['2023', '03', '24']",NYK,GSW,132,94,0
"['2023', '03', '25']",WAS,PHO,113,110,0
"['2023', '03', '25']",CHI,ATL,110,108,0
"['2023', '03', '25']",IND,BOS,117,112,0
"['2023', '03', '25']",BRK,GSW,143,113,0
"['2023', '03', '25']",CLE,MIL,114,106,0
"['2023', '03', '25']",ORL,HOU,116,110,0
"['2023', '03', '26']",LAC,CHO,126,105,0
"['2023', '03', '26']",DAL,MIN,104,99,0
"['2023', '03', '26']",TOR,NYK,113,106,0
"['2023', '03', '26']",OKC,POR,101,98,0
"['2023', '03', '26']",PHI,DET,113,93,0
"['2023', '03', '26']",SAC,LAL,134,120,0
"['2023', '03', '26']",NOP,SAS,126,117,0
"['2023', '03', '26']",UTA,WAS,120,112,0
"['2023', '03', '26']",ATL,DET,130,105,0
"['2023', '03', '27']",BOS,MIN,121,109,0
"['2023', '03', '27']",BRK,MIL,118,100,0
"['2023', '03', '27']",TOR,CLE,118,107,0
"['2023', '03', '27']",DEN,POR,120,107,0
"['2023', '03', '27']",DAL,HOU,112,106,0
"['2023', '03', '27']",CHO,LAL,134,130,0
"['2023', '03', '27']",IND,MIA,111,108,0
"['2023', '03', '27']",CHI,NYK,118,117,0
"['2023', '03', '28']",NOP,OKC,128,125,0
"['2023', '03', '28']",ORL,SAS,133,113,0
"['2023', '03', '28']",PHI,LAC,119,114,0
"['2023', '03', '28']",MEM,PHO,125,100,0
"['2023', '03', '28']",WAS,SAC,125,111,0
"['2023', '03', '28']",BOS,MIL,139,118,0
"['2023', '03', '29']",DAL,LAL,124,115,0
"['2023', '03', '29']",DEN,PHO,128,125,0
"['2023', '03', '29']",GSW,MEM,123,109,0
"['2023', '03', '29']",PHI,NYK,119,112,0
"['2023', '03', '29']",HOU,CHI,133,118,0
"['2023', '03', '29']",BRK,CLE,125,117,0
"['2023', '03', '29']",LAC,DET,142,131,0
"['2023', '03', '29']",MIA,MIN,113,110,0
"['2023', '03', '29']",NOP,IND,113,93,0
"['2023', '03', '29']",POR,CHO,124,113,0
"['2023', '03', '30']",SAS,UTA,126,122,0
"['2023', '03', '30']",BOS,HOU,126,102,0
"['2023', '03', '31']",DAL,NYK,126,121,0
"['2023', '03', '31']",GSW,CHO,110,105,0
"['2023', '03', '31']",IND,ATL,129,114,0
"['2023', '03', '31']",PHO,MEM,125,108,0
"['2023', '03', '31']",OKC,SAS,130,114,0
"['2023', '03', '31']",LAL,ORL,129,110,0
"['2023', '03', '31']",DEN,SAC,113,106,0
"['2023', '03', '31']",LAC,TOR,124,113,0
"['2023', '03', '31']",WAS,PHI,116,111,0
"['2023', '03', '31']",BRK,ATL,108,107,0
"['2023', '03', '31']",CHI,MIL,119,113,0
"['2023', '03', '31']",DET,ORL,121,101,0
"['2023', '03', '31']",GSW,UTA,112,107,0
"['2023', '04', '01']",MIA,LAL,112,98,0
"['2023', '04', '01']",NOP,MIN,119,118,0
"['2023', '04', '02']",SAC,DEN,127,126,0
"['2023', '04', '02']",WAS,PHO,127,102,0
"['2023', '04', '02']",BOS,LAC,116,110,0
"['2023', '04', '02']",CHO,OKC,121,113,0
"['2023', '04', '02']",DAL,HOU,129,114,0
"['2023', '04', '02']",IND,CLE,135,126,0
"['2023', '04', '02']",SAS,NYK,122,115,0
"['2023', '04', '02']",MEM,TOR,119,106,0
"['2023', '04', '02']",LAL,ATL,130,121,0
"['2023', '04', '02']",CHI,DET,132,118,0
"['2023', '04', '02']",DEN,MIA,124,119,0
"['2023', '04', '02']",GSW,POR,118,112,0
"['2023', '04', '02']",MIL,MIN,123,114,0
"['2023', '04', '04']",NOP,PHI,127,116,0
"['2023', '04', '04']",WAS,ORL,119,100,0
"['2023', '04', '04']",SAC,UTA,126,125,0
"['2023', '04', '04']",TOR,PHO,113,104,0
"['2023', '04', '04']",CLE,CHI,103,102,0
"['2023', '04', '04']",BRK,CHO,123,106,0
"['2023', '04', '04']",NYK,HOU,108,88,0
"['2023', '04', '04']",IND,LAC,131,130,0
"['2023', '04', '04']",MEM,NOP,116,101,0
"['2023', '04', '04']",DET,MIN,116,104,0
"['2023', '04', '04']",PHI,OKC,115,96,0
"['2023', '04', '04']",DAL,SAS,126,125,0
"['2023', '04', '04']",MIA,UTA,126,123,0
